{
  "auprc_pooled": 0.13732452875562987,
  "auroc_pooled": 0.7308582217317602,
  "auprc_macro": 0.1745179913115452,
  "auroc_macro": 0.7259463005688469,
  "n_window_rows": 423183
}